<?xml version="1.0" encoding="UTF-8"?>
<!DOCTYPE suite SYSTEM "http://testng.org/testng-1.0.dtd">
<suite name="Suite" parallel="tests">

   <test name="IE">
   <parameter name="browser" value="ie" />
      <classes>
         <class name="seleniumGrid.TestGridClass" />
      </classes>
   </test>

   <test name="Chrome">
   <parameter name="browser" value="chrome" />
      <classes>
         <class name="seleniumGrid.TestGridClass" />
      </classes>
   </test>

   <test name="Firefox">
   <parameter name="browser" value="firefox" />
      <classes>
         <class name="seleniumGrid.TestGridClass" />
      </classes>
   </test>
   
</suite>